region_label,region_short,zone,region_name,region_name,region_full
001 VISp,VISp,CTX,Primary Visual,Primary Visual,Primary Visual Cortex
002 VIS,VIS,CTX,Visual,Visual,Visual Cortex
005 PTLp,PTLp,CTX,Posterior Parietal Assocation,Posterior Parietal Assocation,Posterior Parietal Assocation Cortex
006 AUD,AUD,CTX,Auditory,Auditory,Auditory Cortex
007 SSp,SSp,CTX,Primary Somatosensory,Primary Somatosensory,Primary Somatosensory Cortex
009 SSs,SSs,CTX,Secondary Somatosensory,Secondary Somatosensory,Secondary Somatosensory Cortex
010 GU,GU,CTX,Gustatory,Gustatory,Gustatory Cortex
011 MOp,MOp,CTX,Primary Motor,Primary Motor,Primary Motor Cortex
012 ALM,ALM,CTX,Anterolateral Motor,Anterolateral Motor,Anterolateral Motor Cortex
014 CLA,CLA,CTX,Claustrum,Claustrum,Claustrum Cortex
016 PL-ILA,PL-ILA,CTX,"Prelimbic, Infralimbic","Prelimbic, Infralimbic","Prelimbic, Infralimbic Cortex"
017 ORB,ORB,CTX,Orbital,Orbital,Orbital Cortex
018 AI,AI,CTX,Agranular Insular,Agranular Insular,Agranular Insular Cortex
019 ACA,ACA,CTX,Anterior Cingulate,Anterior Cingulate,Anterior Cingulate Cortex
020 RSP,RSP,CTX,Retrosplenial,Retrosplenial,Retrosplenial Cortex
021 TEa-PERI-ECT,TPE,CTX,Temporal Assoc-Perirhinal-Ectorhinal,Temporal Assoc-Perirhinal-Ectorhinal,Temporal Assoc-Perirhinal-Ectorhinal Cortex
023 ENTm,ENTm,HPF,Medial Entorhinal,Medial Entorhinal,Medial Entorhinal Cortex
024 ENTl,ENTl,HPF,Lateral Entorhinal,Lateral Entorhinal,Lateral Entorhinal Cortex
025 PAR-POST-PRE,PPP,HPF,"Parasubiculum, Postsubiculum, Presubiculum","Parasubiculum, Postsubiculum, Presubiculum","Parasubiculum, Postsubiculum, Presubiculum"
027 SUB-ProS,SUBP,HPF,"Subiculum, Prosubiculum","Subiculum, Prosubiculum","Subiculum, Prosubiculum"
028 HIP,HIP,HPF,Hippocampus,Hippocampus,Hippocampus