region_label,region_short,zone,region_name
001 VISp,VISp,CTX,Primary Visual
002 VIS,VIS,CTX,Visual
003 VISm,VISm,CTX,Medial Visual
004 VISl,VISl,CTX,Lateral Visual
005 PTLp,PTLp,CTX,Posterior Parietal Assocation
006 AUD,AUD,CTX,Auditory
007 SSp,SSp,CTX,Primary Somatosensory
008 SSs-GU-VISC-AIp,SSgv,CTX,"Suppl SS, Gust, Visc, Agran Insular"
011 MOp,MOp,CTX,Primary Motor
013 MOs_FRP,Mofp,CTX,"Secondary motor, frontal pole "
015 PL-ILA-ORB,PIO,CTX,"Prelimbic, Infralimbic, Orbital "
018 AI,AI,CTX,Agranular Insular
019 ACA,ACA,CTX,Anterior Cingulate
020 RSP,RSP,CTX,Retrosplenial
021 TEa-PERI-ECT,TPE,CTX,Temporal Assoc-Perirhinal-Ectorhinal
022 ENT,ENT,HPF,Entorhinal 
026 PAR-POST-PRE-SUB-ProS,PPPSP,HPF,"Parasubic, Postsubic, Presubic, Subic, Prosubic "
028 HIP,HIP,HPF,Hippocampal Region