region_label,region_short,zone,region_name,region_full
All Regions,All,All,All Regions,All Regions
000 MO-FRP,MOfp,Neocortex,Somatomotor-Frontal Pole,Somatomotor-Frontal Cortex
001 MOp,MOp,Neocortex,Primary Motor,Primary Motor Cortex
002 SS-GU-VISC,SSgv,Neocortex,Somatosensory-Gustatory-Visceral,Somatosensory-Gustatory-Visceral Cortex
003 SSp,SSp,Neocortex,Primary Somatosensory,Primary Somatosensory Cortex
004 AUD,AUD,Neocortex,Auditory,Auditory Cortex
005 AUD-TEa-PERI-ECT,AUDa,Neocortex,Auditory-Temporal Assoc-Peri-Ectorhinal,Auditory-Temporal Assoc-Peri-Ectorhinal Cortex
006 VIS-PTLp,VISa,Neocortex,Visual-Posterior Parietal Association,Visual-Posterior Parietal Association Cortex
007 VIS,VIS,Neocortex,Visual,Visual Cortex
008 ACA,ACA,Neocortex,Anterior Cingulate,Anterior Cingulate Cortex
009 PL-ILA-ORB,PIO,Neocortex,Prelimbic-Infralimbic-Orbital,Prelimbic-Infralimbic-Orbital Cortex
010 AI,AI,Neocortex,Agranular Insular,Agranular Insular Cortex
011 RSP,RSP,Neocortex,Retrosplenial,Retrosplenial Cortex
012 TEa-PERI-ECT,TPE,Neocortex,Temporal Assoc-Perirhinal-Ectorhinal,Temporal Assoc-Perirhinal-Ectorhinal Cortex
013 OLF,OLF,Allocortex,Olfactory,Olfactory Cortex
014 HIP,HIP,Allocortex,Hippocampal Region,Hippocampal Region
015 RHP,RHP,Allocortex,Retrohippocampal Region,Retrohippocampal Region
016 ENT,ENT,Allocortex,Entorhinal Region,Entorhinal Region
017 CTXsp,CTXsp,Allocortex,Cortical subplate,Cortical subplate
018 STRd,STRd,Basal,Striatum Dorsal Region,Dorsal Striatum
019 STRv,STRv,Basal,Striatum Ventral Region,Ventral Striatum
020 LSX,LSX,Basal,Lateral septal complex,Lateral septal complex
021 sAMY,sAMY,Basal,Striatum-like Amygdalar Nuclei,Striatum-like Amygdalar Nuclei
022 PAL,PAL,Basal,Pallidum,Pallidum
023 TH,TH,Basal,Thalamus,Thalamus
024 HY,HY,Basal,Hypothalamus,Hypothalamus
025 MB,MB,Mesen,Midbrain,Midbrain
026 P,PONS,Rhomben,Pons,Pons
027 MY,MY,Rhomben,Medulla,Medulla
028 CB,CB,Rhomben,Cerebellum,Cerebellum